{"name":"9af89946-965e-48f5-83f4-c2d83b51a1c2","id":"/providers/Microsoft.Flow/flows/9af89946-965e-48f5-83f4-c2d83b51a1c2","type":"Microsoft.Flow/flows","properties":{"apiId":"/providers/Microsoft.PowerApps/apis/shared_logicflows","displayName":"Generate QR Code PowerApps Button","definition":{"metadata":{"workflowEntityId":null,"flowclientsuspensionreason":"None","flowclientsuspensiontime":null,"creator":{"id":"9d177ddf-47be-4318-8fec-fa4ba4a26284","type":"User","tenantId":"72f988bf-86f1-41af-91ab-2d7cd011db47"},"provisioningMethod":"FromDefinition","failureAlertSubscription":true,"clientLastModifiedTime":"2020-09-16T11:15:41.175998Z"},"$schema":"https://schema.management.azure.com/providers/Microsoft.Logic/schemas/2016-06-01/workflowdefinition.json#","contentVersion":"1.0.0.0","parameters":{"$authentication":{"defaultValue":{},"type":"SecureObject"}},"triggers":{"manual":{"type":"Request","kind":"PowerApp","inputs":{"schema":{"type":"object","properties":{"Initializevariable_Value":{"type":"string","description":"Enter initial value","x-ms-powerflows-param-ispartial":false}},"required":["Initializevariable_Value"]}}}},"actions":{"HTTP":{"runAfter":{"Initialize_variable":["Succeeded"]},"type":"Http","inputs":{"method":"GET","uri":"https://medium-sample-function.azurewebsites.net/api/QRCodeHTTPTrigger","queries":{"text":"@variables('Text')"}}},"Respond_to_a_PowerApp_or_flow":{"runAfter":{"HTTP":["Succeeded"]},"type":"Response","kind":"PowerApp","inputs":{"statusCode":200,"body":{"code":"@{body('HTTP')}"},"schema":{"type":"object","properties":{"code":{"title":"code","x-ms-dynamically-added":true,"type":"string"}}}}},"Initialize_variable":{"runAfter":{},"type":"InitializeVariable","inputs":{"variables":[{"name":"Text","type":"string","value":"@{triggerBody()['Initializevariable_Value']}"}]}}},"outputs":{},"description":"Create one or more actions to happen when a button or link in PowerApps is selected. To use this flow from a PowerApp, select the control you want to trigger the flow and go to the Action tab in the PowerApps ribbon and select Flows."},"connectionReferences":{},"flowFailureAlertSubscribed":false}}