{"schemaVersion":"1.0","appDefinitionTemplate":{"id":"/providers/Microsoft.PowerApps/apps/","type":"Microsoft.PowerApps/apps","tags":{"primaryDeviceWidth":"640","primaryDeviceHeight":"1136","sienaVersion":"20200917T124946Z-3.20081.26.0","deviceCapabilities":"","supportsPortrait":"true","supportsLandscape":"false","primaryFormFactor":"Phone","publisherVersion":"3.20081.26","minimumRequiredApiVersion":"2.2.0","hasComponent":"false","hasUnlockedComponent":"false","isUnifiedRootApp":"false"},"properties":{"appVersion":"2020-09-17T12:49:46Z","lifeCycleId":"Published","createdByClientVersion":{"major":3,"minor":20081,"build":26,"revision":0,"majorRevision":0,"minorRevision":0},"minClientVersion":{"major":3,"minor":20081,"build":26,"revision":0,"majorRevision":0,"minorRevision":0},"backgroundColor":"rgba(1, 60, 96, 1)","backgroundImageUri":"/12782073992579575875/Nee7ae0f6-2c05-4559-a869-2e9aeb1fb303-logoSmallFile","displayName":"Sample QR Generator App","description":"","commitMessage":"","appUris":{"documentUri":{"value":"/12782073992579575875/N02c50fc0-f90b-4bb1-a69a-7445ee188b5f-document.msapp","readonlyValue":"/12782073992579575875/N02c50fc0-f90b-4bb1-a69a-7445ee188b5f-document.msapp"},"imageUris":[]},"createdTime":"0001-01-01T00:00:00Z","lastModifiedTime":"0001-01-01T00:00:00Z","sharedGroupsCount":0,"sharedUsersCount":0,"icons":{"smallIconUri":"/12782073992579575875/N51f9eebb-7bca-471b-8522-630bc4b86e85-small.png","mediumIconUri":"/12782073992579575875/Nc4b30da2-9205-42e6-a45f-09c9e299ff8b-medium.png","largeIconUri":"/12782073992579575875/Nc825f65a-8a8c-4522-8e51-616290a9760c-large.png","wideIconUri":"/12782073992579575875/N2743c07f-352e-4f98-a650-496f670617eb-wide.png"},"connectionReferences":{"f00b5f7b-54e7-4f7b-82d4-ce962eb75edb":{"id":"36c307eb-03dc-492c-9ae8-274f7170dce4","displayName":"Logic flows","iconUri":"https://resourcestackdeploy.blob.core.windows.net/scripts/13276078.png","dataSources":["PowerAppsbutton"],"dependencies":[],"dependents":[],"parameterHints":{"workflowName":{"value":"30300ef8-5392-45b3-9a6c-5edb15aaffeb"}},"isOnPremiseConnection":false,"bypassConsent":false,"dataSets":{},"apiTier":"Standard","isCustomApiConnection":false}},"databaseReferences":{},"almMode":"Environment","performanceOptimizationEnabled":true,"canConsumeAppPass":true},"isAppComponentLibrary":false,"appType":"ClassicCanvasApp","appComponents":[]}}