{"schemaVersion":"1.0","appDefinitionTemplate":{"id":"/providers/Microsoft.PowerApps/apps/","type":"Microsoft.PowerApps/apps","tags":{"primaryDeviceWidth":"640","primaryDeviceHeight":"1136","sienaVersion":"20200917T124946Z-3.20081.26.0","deviceCapabilities":"","supportsPortrait":"true","supportsLandscape":"false","primaryFormFactor":"Phone","publisherVersion":"3.20081.26","minimumRequiredApiVersion":"2.2.0","hasComponent":"false","hasUnlockedComponent":"false","isUnifiedRootApp":"false"},"properties":{"appVersion":"2020-09-17T12:49:46Z","lifeCycleId":"Published","createdByClientVersion":{"major":3,"minor":20081,"build":26,"revision":0,"majorRevision":0,"minorRevision":0},"minClientVersion":{"major":3,"minor":20081,"build":26,"revision":0,"majorRevision":0,"minorRevision":0},"backgroundColor":"rgba(1, 60, 96, 1)","backgroundImageUri":"/12782073992579575875/N17072721-dd16-4133-8166-8fe5d3015876-logoSmallFile","displayName":"Sample QR Generator App","description":"","commitMessage":"","appUris":{"documentUri":{"value":"/12782073992579575875/Ne39681d1-9e3b-43ed-bea8-17aaaf106dea-document.msapp","readonlyValue":"/12782073992579575875/Ne39681d1-9e3b-43ed-bea8-17aaaf106dea-document.msapp"},"imageUris":[]},"createdTime":"0001-01-01T00:00:00Z","lastModifiedTime":"0001-01-01T00:00:00Z","sharedGroupsCount":0,"sharedUsersCount":0,"icons":{"smallIconUri":"/12782073992579575875/Na9e3568c-5094-4c85-980f-caa20422f501-small.png","mediumIconUri":"/12782073992579575875/Ne5a43698-4968-4bd0-8e01-aab441f15e3b-medium.png","largeIconUri":"/12782073992579575875/N254148f7-1790-429f-85d6-828537da639f-large.png","wideIconUri":"/12782073992579575875/Nd2c06040-2752-4e2c-ab51-d3e00da0adfa-wide.png"},"connectionReferences":{"f00b5f7b-54e7-4f7b-82d4-ce962eb75edb":{"id":"36c307eb-03dc-492c-9ae8-274f7170dce4","displayName":"Logic flows","iconUri":"https://resourcestackdeploy.blob.core.windows.net/scripts/13276078.png","dataSources":["PowerAppsbutton"],"dependencies":[],"dependents":[],"parameterHints":{"workflowName":{"value":"30300ef8-5392-45b3-9a6c-5edb15aaffeb"}},"isOnPremiseConnection":false,"bypassConsent":false,"dataSets":{},"apiTier":"Standard","isCustomApiConnection":false}},"databaseReferences":{},"almMode":"Environment","performanceOptimizationEnabled":true,"canConsumeAppPass":true},"isAppComponentLibrary":false,"appType":"ClassicCanvasApp","appComponents":[]}}